Workbook
Name Slicer_year: #N/A

Sheet data
B1: Phase 1: Data Preparation
B4: name | C4: year | D4: selling_price | E4: km_driven | F4: fuel | G4: seller_type | H4: transmission | I4: owner | J4: car_age | K4: price_category
B5: Maruti 800 AC | C5: 2007 | D5: 60000 | E5: 70000 | F5: Petrol | G5: Individual | H5: Manual | I5: First Owner | J5: =2026 - C5 -> 19 | K5: =IF(D5<500000,"Budget",IF(D5<=1000000,"Mid Range","Premium")) -> Budget
B6: Maruti Wagon R LXI Minor | C6: 2007 | D6: 135000 | E6: 50000 | F6: Petrol | G6: Individual | H6: Manual | I6: First Owner | J6: =2026 - C6 -> 19 | K6: =IF(D6<500000,"Budget",IF(D6<=1000000,"Mid Range","Premium")) -> Budget
B7: Hyundai Verna 1.6 SX | C7: 2012 | D7: 600000 | E7: 100000 | F7: Diesel | G7: Individual | H7: Manual | I7: First Owner | J7: =2026 - C7 -> 14 | K7: =IF(D7<500000,"Budget",IF(D7<=1000000,"Mid Range","Premium")) -> Mid Range
B8: Datsun RediGO T Option | C8: 2017 | D8: 250000 | E8: 46000 | F8: Petrol | G8: Individual | H8: Manual | I8: First Owner | J8: =2026 - C8 -> 9 | K8: =IF(D8<500000,"Budget",IF(D8<=1000000,"Mid Range","Premium")) -> Budget
B9: Honda Amaze VX i-DTEC | C9: 2014 | D9: 450000 | E9: 141000 | F9: Diesel | G9: Individual | H9: Manual | I9: Second Owner | J9: =2026 - C9 -> 12 | K9: =IF(D9<500000,"Budget",IF(D9<=1000000,"Mid Range","Premium")) -> Budget
B10: Maruti Alto LX BSIII | C10: 2007 | D10: 140000 | E10: 125000 | F10: Petrol | G10: Individual | H10: Manual | I10: First Owner | J10: =2026 - C10 -> 19 | K10: =IF(D10<500000,"Budget",IF(D10<=1000000,"Mid Range","Premium")) -> Budget
B11: Hyundai Xcent 1.2 Kappa S | C11: 2016 | D11: 550000 | E11: 25000 | F11: Petrol | G11: Individual | H11: Manual | I11: First Owner | J11: =2026 - C11 -> 10 | K11: =IF(D11<500000,"Budget",IF(D11<=1000000,"Mid Range","Premium")) -> Mid Range
B12: Tata Indigo Grand Petrol | C12: 2014 | D12: 240000 | E12: 60000 | F12: Petrol | G12: Individual | H12: Manual | I12: Second Owner | J12: =2026 - C12 -> 12 | K12: =IF(D12<500000,"Budget",IF(D12<=1000000,"Mid Range","Premium")) -> Budget
B13: Hyundai Creta 1.6 VTVT S | C13: 2015 | D13: 850000 | E13: 25000 | F13: Petrol | G13: Individual | H13: Manual | I13: First Owner | J13: =2026 - C13 -> 11 | K13: =IF(D13<500000,"Budget",IF(D13<=1000000,"Mid Range","Premium")) -> Mid Range
B14: Maruti Celerio Green VXI | C14: 2017 | D14: 365000 | E14: 78000 | F14: CNG | G14: Individual | H14: Manual | I14: First Owner | J14: =2026 - C14 -> 9 | K14: =IF(D14<500000,"Budget",IF(D14<=1000000,"Mid Range","Premium")) -> Budget
B15: Chevrolet Sail 1.2 Base | C15: 2015 | D15: 260000 | E15: 35000 | F15: Petrol | G15: Individual | H15: Manual | I15: First Owner | J15: =2026 - C15 -> 11 | K15: =IF(D15<500000,"Budget",IF(D15<=1000000,"Mid Range","Premium")) -> Budget
B16: Tata Indigo Grand Petrol | C16: 2014 | D16: 250000 | E16: 100000 | F16: Petrol | G16: Individual | H16: Manual | I16: First Owner | J16: =2026 - C16 -> 12 | K16: =IF(D16<500000,"Budget",IF(D16<=1000000,"Mid Range","Premium")) -> Budget
... B3581: Renault KWID RXT | C3581: 2016 | D3581: 225000 | E3581: 40000 | F3581: Petrol | G3581: Individual | H3581: Manual | I3581: First Owner | J3581: =2026 - C3581 -> 10 | K3581: =IF(D3581<500000,"Budget",IF(D3581<=1000000,"Mid Range","Premium")) -> Budget

Sheet analysis
C1: Phase 2: Analytical Questions
B4: total_cars | C4: =COUNTA(data!B:B)-1 -> 3578
B6: average_price | C6: =AVERAGE(data!D:D) -> 473912.54
B8: petrol | C8: =COUNTIF(data!F:F,"Petrol") -> 1717
B9: diesel | C9: =COUNTIF(data!F:F,"Diesel") -> 1800
B10: cng | C10: =COUNTIF(data!F:F,"CNG") -> 37
B11: most_common_fuel_type | C11: =B9 -> diesel
B13: automatic | C13: =COUNTIF(data!H:H,"Automatic") -> 312
B14: manual | C14: =COUNTIF(data!H:H,"Manual") -> 3265
B15: most_common_transmission_type | C15: =B14 -> manual
B17: dealer | C17: =COUNTIF(data!G:G,"Dealer") -> 712
B18: individual | C18: =COUNTIF(data!G:G,"Individual") -> 2832
B19: most_common_seller_type | C19: =B18 -> individual
B21: average_price_petrol | C21: =AVERAGEIF(data!F:F,"Petrol",data!D:D) -> 335344.34
B22: average_price_diesel | C22: =AVERAGEIF(data!F:F,"Diesel",data!D:D) -> 614001.07
B23: average_price_cng | C23: =AVERAGEIF(data!F:F,"CNG",data!D:D) -> 273162.08
B25: cars_older_than_10_years | C25: =COUNTIF(data!J:J,">10") -> 2446
B27: percentage_of_first_owners | C27: =COUNTIF(data!I:I,"First Owner")/COUNTA(data!I:I) -> 0.61989939

Sheet pivot_tables
C1: Phase 3: Pivot Tables
B4: Average Price by Fuel Type | E4: Count of Cars by Transmission
B5: Row Labels | C5: Average of selling_price | E5: Row Labels | F5: Count of transmission
B6: CNG | C6: 273162.08 | E6: Automatic | F6: 312
B7: Diesel | C7: 614001.07 | E7: Manual | F7: 3265
B8: Electric | C8: 310000 | E8: Grand Total | F8: 3577
B9: LPG | C9: 171818.14
B10: Petrol | C10: 335344.34
B11: Grand Total | C11: 473912.54
B14: Year-wise Car Count | E14: Seller Type vs Average Price
B15: Row Labels | C15: Count of year | E15: Row Labels | F15: Average of selling_price
B16: 1992 | C16: 1 | E16: Dealer | F16: 652699.39
B17: 1995 | C17: 1 | E17: Individual | F17: 424904.02
B18: 1996 | C18: 2 | E18: Trustmark Dealer | F18: 822272.73
B19: 1997 | C19: 3 | E19: Grand Total | F19: 473912.54
B20: 1998 | C20: 9
B21: 1999 | C21: 9
B22: 2000 | C22: 12
B23: 2001 | C23: 16
B24: 2002 | C24: 18
B25: 2003 | C25: 22
B26: 2004 | C26: 38
B27: 2005 | C27: 61
B28: 2006 | C28: 93
B29: 2007 | C29: 117
B30: 2008 | C30: 129
B31: 2009 | C31: 169
... B42: 2020 | C42: 45
B43: Grand Total | C43: 3577
B53: Seller Type vs Average Price

Sheet dashboard
C1: Phase 4: Dashboard Requirements
B4: Total Cars | C4: Average Price | D4: Most Used Fuel | E4: Percentage First Owners
B5: =analysis!C4 -> 3578 | C5: =analysis!C6 -> 473912.54 | D5: =analysis!C11 -> diesel | E5: =analysis!C27 -> 0.61989939
B8: Chart 1: Bar Chart | I8: Chart 2: Pie Chart | R8: Slicer
B25: Chart 3: Line Chart | I25: Chart 4: Column Chart

Sheet insights
C1: Phase 5: Insights
B4: A majority of cars fall under the Budget and Mid Range categories, indicating higher demand for affordable vehicles
B5: Manual transmission vehicles dominate the dataset, suggesting user preference for cost-effective options
B6: Cars sold by dealers have a higher average selling price compared to individual sellers
